symbol,company,price,market_cap,pe_ratio,sector,industry,headquarters,date_added,founded
MMM,3M,153.76,80200000000,29.6,Industrials,Industrial Conglomerates,"Saint Paul,  Minnesota",1957-03-04,1902
AOS,A. O. Smith,57.2,7880000000,15.3,Industrials,Building Products,"Milwaukee,  Wisconsin",2017-07-26,1916
ABT,Abbott Laboratories,91.07,158630000000,25.5,Health Care,Health Care Equipment,"North Chicago,  Illinois",1957-03-04,1888
ABBV,AbbVie,227.23,401470000000,110.8,Health Care,Biotechnology,"North Chicago,  Illinois",2012-12-31,2013
ACN,Accenture,178.25,109700000000,14.6,Information Technology,IT Consulting & Other Services,"Dublin,  Ireland",2011-07-06,1989
ADBE,Adobe Inc.,251.44,101630000000,14.7,Information Technology,Application Software,"San Jose,  California",1997-05-05,1982
AMD,Advanced Micro Devices,466.38,760480000000,156.5,Information Technology,Semiconductors,"Santa Clara,  California",2017-03-20,1969
AES,AES Corporation,14.67,10460000000,7.6,Utilities,Independent Power Producers & Energy Traders,"Arlington,  Virginia",1998-10-02,1981
AFL,Aflac,118.24,60180000000,13.5,Financials,Life & Health Insurance,"Columbus,  Georgia",1999-05-28,1955
A,Agilent Technologies,135.44,38250000000,27.2,Health Care,Life Sciences Tools & Services,"Santa Clara,  California",2000-06-05,1999
APD,Air Products,282.35,62870000000,29.8,Materials,Industrial Gases,"Upper Macungie Township,  Pennsylvania",1985-04-30,1940
ABNB,Airbnb,133.54,79260000000,33.0,Consumer Discretionary,"Hotels,  Resorts & Cruise Lines","San Francisco,  California",2023-09-18,2008
AKAM,Akamai Technologies,149.32,21710000000,50.4,Information Technology,Internet Services & Infrastructure,"Cambridge,  Massachusetts",2007-07-12,1998
ALB,Albemarle Corporation,155.44,18330000000,,Materials,Specialty Chemicals,"Charlotte,  North Carolina",2016-07-01,1994
ARE,Alexandria Real Estate Equities,51.28,8940000000,,Real Estate,Office REITs,"Pasadena,  California",2017-03-20,1994
ALGN,Align Technology,167.74,12010000000,28.2,Health Care,Health Care Supplies,"Tempe,  Arizona",2017-06-19,1997
ALLE,Allegion,130.16,11190000000,17.8,Industrials,Building Products,"Dublin,  Ireland",2013-12-02,1908
LNT,Alliant Energy,72.87,18820000000,22.9,Utilities,Electric Utilities,"Madison,  Wisconsin",2016-07-01,1917
ALL,Allstate,221.01,56890000000,4.9,Financials,Property & Casualty Insurance,"Northbrook,  Illinois",1995-07-13,1931
GOOGL,Alphabet Inc. (Class A),368.53,4490000000000,28.1,Communication Services,Interactive Media & Services,"Mountain View,  California",2006-04-03,1998
GOOG,Alphabet Inc. (Class C),365.76,4460000000000,27.9,Communication Services,Interactive Media & Services,"Mountain View,  California",2014-04-03,1998
MO,Altria,72.19,120550000000,15.1,Consumer Staples,Tobacco,"Richmond,  Virginia",1957-03-04,1985
AMZN,Amazon,246.03,2650000000000,31.7,Consumer Discretionary,Broadline Retail,"Seattle,  Washington",2005-11-18,1994
AMCR,Amcor,38.13,17630000000,30.5,Materials,"Paper & Plastic Packaging Products & Materials, Warmley"," Bristol,  United Kingdom",2019-06-07,2019
AEE,Ameren,109.27,30240000000,19.7,Utilities,Multi-Utilities,"St. Louis,  Missouri",1991-09-19,1902
AEP,American Electric Power,129.14,70270000000,19.1,Utilities,Electric Utilities,"Columbus,  Ohio",1957-03-04,1906
AXP,American Express,310.66,211970000000,19.4,Financials,Consumer Finance,"New York City,  New York",1976-06-30,1850
AIG,American International Group,75.49,40030000000,13.3,Financials,Multi-line Insurance,"New York City,  New York",1980-03-31,1919
AMT,American Tower,194.12,90440000000,31.4,Real Estate,Telecom Tower REITs,"Boston,  Massachusetts",2007-11-19,1995
AWK,American Water Works,124.47,24310000000,22.1,Utilities,Water Utilities,"Camden,  New Jersey",2016-03-04,1886
AMP,Ameriprise Financial,454.66,40870000000,11.3,Financials,Asset Management & Custody Banks,"Minneapolis,  Minnesota",2005-10-03,1894
AME,Ametek,226.55,51930000000,34.2,Industrials,Electrical Components & Equipment,"Berwyn,  Pennsylvania",2013-09-23,1930
AMGN,Amgen,349.58,188670000000,24.3,Health Care,Biotechnology,"Thousand Oaks,  California",1992-01-02,1980
APH,Amphenol,138.81,170770000000,39.9,Information Technology,Electronic Components,"Wallingford,  Connecticut",2008-09-30,1932
ADI,Analog Devices,401.39,195510000000,59.9,Information Technology,Semiconductors,"Wilmington,  Massachusetts",1999-10-12,1965
AON,Aon plc,328.53,70170000000,18.0,Financials,Insurance Brokers,"London,  United Kingdom",1996-04-23,1982
APA,APA Corporation,36.57,12930000000,8.5,Energy,Oil & Gas Exploration & Production,"Houston,  Texas",1997-07-28,1954
APO,Apollo Global Management,128.03,73810000000,80.5,Financials,Asset Management & Custody Banks,"New York City,  New York",2024-12-23,1990
AAPL,Apple Inc.,307.34,4510000000000,37.2,Information Technology,"Technology Hardware,  Storage & Peripherals","Cupertino,  California",1982-11-30,1977
AMAT,Applied Materials,453.01,359670000000,42.5,Information Technology,Semiconductor Materials & Equipment,"Santa Clara,  California",1995-03-16,1967
APP,AppLovin,557.2,187190000000,48.5,Information Technology,Application Software,"Palo Alto,  California",2025-09-22,2012
APTV,Aptiv,68.6,14520000000,40.8,Consumer Discretionary,Automotive Parts & Equipment,"Schaffhausen,  Switzerland",2012-12-24,1994
ACGL,Arch Capital Group,91.19,31860000000,7.0,Financials,Property & Casualty Insurance,"Hamilton,  Bermuda",2022-11-01,1995
ADM,Archer Daniels Midland,80.92,39000000000,36.1,Consumer Staples,Agricultural Products & Services,"Chicago,  Illinois",1957-03-04,1902
ARES,Ares Management,125.65,28340000000,57.9,Financials,Asset Management & Custody Banks,"Los Angeles,  California",2025-12-11,1977
ANET,Arista Networks,154.27,194250000000,52.8,Information Technology,Communications Equipment,"Santa Clara,  California",2018-08-28,2004
AJG,Arthur J. Gallagher & Co.,216.14,55540000000,35.0,Financials,Insurance Brokers,"Rolling Meadows,  Illinois",2016-05-31,1927
CAH,Cardinal Health,205.71,48180000000,31.5,Health Care,Health Care Distributors,"Dublin,  Ohio",1997-05-27,1971
CCL,Carnival Corporation,27.41,37970000000,12.1,Consumer Discretionary,"Hotels,  Resorts & Cruise Lines","Miami,  Florida",1998-12-22,1972
CARR,Carrier Global,67.16,55780000000,44.8,Industrials,Building Products,"Palm Beach Gardens,  Florida",2020-04-03,2020
CVNA,Carvana,66.51,47640000000,38.4,Consumer Discretionary,Automotive Retail,"Tempe,  Arizona",2025-12-22,2012
CASY,Casey's,761.91,28240000000,43.7,Consumer Staples,Food Retail,"Ankeny,  Iowa",2026-04-09,1967
CAT,Caterpillar Inc.,904.28,416500000000,45.0,Industrials,Construction Machinery & Heavy Transportation Equipment,"Irving,  Texas",1957-03-04,1925
CBOE,Cboe Global Markets,281.91,29500000000,24.1,Financials,Financial Exchanges & Data,"Chicago,  Illinois",2017-03-01,1973
CBRE,CBRE Group,130.93,38340000000,29.8,Real Estate,Real Estate Services,"Dallas,  Texas",2006-11-10,1906
CDW,CDW Corporation,133.04,17000000000,16.2,Information Technology,Technology Distributors,"Vernon Hills,  Illinois",2019-09-23,1984
COR,Cencora,275.04,53510000000,21.1,Health Care,Health Care Distributors,"Conshohocken,  Pennsylvania",2001-08-30,1985
CNC,Centene Corporation,62.33,30780000000,,Health Care,Managed Health Care,"St. Louis,  Missouri",2016-03-30,1984
CNP,CenterPoint Energy,42.69,27930000000,26.2,Utilities,Multi-Utilities,"Houston,  Texas",1985-07-31,1882
CF,CF Industries,113.49,17440000000,10.2,Materials,Fertilizers & Agricultural Chemicals,"Deerfield,  Illinois",2008-08-27,1946
CRL,Charles River Laboratories,181.34,8730000000,,Health Care,Life Sciences Tools & Services,"Wilmington,  Massachusetts",2021-05-14,1947
SCHW,Charles Schwab Corporation,88.84,154500000000,17.7,Financials,Investment Banking & Brokerage,"Westlake,  Texas",1997-06-02,1971
CHTR,Charter Communications,132.12,18650000000,3.6,Communication Services,Cable & Satellite,"Stamford,  Connecticut",2016-09-08,1993
CVX,Chevron Corporation,187.31,373050000000,32.7,Energy,Integrated Oil & Gas,"Houston,  Texas",1957-03-04,1879
CMG,Chipotle Mexican Grill,29.34,37640000000,26.9,Consumer Discretionary,Restaurants,"Newport Beach,  California",2011-04-28,1993
CB,Chubb Limited,326.27,126550000000,11.5,Financials,Property & Casualty Insurance,"Zurich,  Switzerland",2010-07-15,1985
CHD,Church & Dwight,96.74,22920000000,31.8,Consumer Staples,Household Products,"Ewing,  New Jersey",2015-12-29,1847
CIEN,Ciena,488.21,69110000000,163.8,Information Technology,Communications Equipment,"Hanover,  Maryland",2026-02-09,1992
CI,Cigna,289.48,76580000000,2.5,Health Care,Health Care Services,"Bloomfield,  Connecticut",1976-06-30,1982
CINF,Cincinnati Financial,165.29,25570000000,9.5,Financials,Property & Casualty Insurance,"Fairfield,  Ohio",1997-12-18,1950
CTAS,Cintas,179.85,71960000000,37.9,Industrials,Diversified Support Services,"Mason,  Ohio",2001-03-01,1929
CSCO,Cisco,121.64,479440000000,40.5,Information Technology,Communications Equipment,"San Jose,  California",1993-12-01,1984
C,Citigroup,132.47,225940000000,16.4,Financials,Diversified Banks,"New York City,  New York",1988-05-31,1998
CFG,Citizens Financial Group,63.98,27060000000,15.2,Financials,Regional Banks,"Providence,  Rhode Island",2016-01-29,1828
CLX,Clorox,94.14,11380000000,15.3,Consumer Staples,Household Products,"Oakland,  California",1969-03-31,1913
CME,CME Group,257.4,93000000000,22.0,Financials,Financial Exchanges & Data,"Chicago,  Illinois",2006-08-11,1848
CMS,CMS Energy,72.04,22250000000,19.9,Utilities,Multi-Utilities,"Jackson,  Michigan",1957-03-04,1886
KO,Coca-Cola Company (The),79.48,341960000000,25.0,Consumer Staples,Soft Drinks & Non-alcoholic Beverages,"Atlanta,  Georgia",1957-03-04,1886
CTSH,Cognizant,53.21,25170000000,11.5,Information Technology,IT Consulting & Other Services,"Teaneck,  New Jersey",2006-11-17,1994
COHR,Coherent Corp.,376.99,73750000000,178.7,Information Technology,Electronic Components,"Saxonburg,  Pennsylvania",2026-03-23,1971
COIN,Coinbase,152.4,40150000000,56.2,Financials,Financial Exchanges & Data,"New York City,  New York",2025-05-19,2012
CL,Colgate-Palmolive,88.58,70880000000,34.3,Consumer Staples,Household Products,"New York City,  New York",1957-03-04,1806
CMCSA,Comcast,23.82,85090000000,4.7,Communication Services,Cable & Satellite,"Philadelphia,  Pennsylvania",2002-11-19,1963
FIX,Comfort Systems USA,1843.94,64880000000,53.2,Industrials,Construction & Engineering,"Houston,  Texas",2025-12-22,1997
CAG,Conagra Brands,13.01,6220000000,,Consumer Staples,Packaged Foods & Meats,"Chicago,  Illinois",1983-08-31,1919
COP,ConocoPhillips,117.14,142710000000,19.9,Energy,Oil & Gas Exploration & Production,"Houston,  Texas",1957-03-04,2002
ED,Consolidated Edison,106.26,39160000000,17.9,Utilities,Multi-Utilities,"New York City,  New York",1957-03-04,1823
STZ,Constellation Brands,140.91,24260000000,14.7,Consumer Staples,Distillers & Vintners,"Rochester,  New York",2005-07-01,1945
CEG,Constellation Energy,254.83,91000000000,22.1,Utilities,Electric Utilities,"Baltimore,  Maryland",2022-02-02,1999
COO,Cooper Companies (The),67.34,13140000000,33.5,Health Care,Health Care Supplies,"San Ramon,  California",2016-09-23,1958
CPRT,Copart,30.96,29820000000,19.2,Industrials,Diversified Support Services,"Dallas,  Texas",2018-07-02,1982
GLW,Corning Inc.,177.58,152830000000,85.4,Information Technology,Electronic Components,"Corning,  New York",1995-02-27,1851
CPAY,Corpay,347.45,22710000000,20.8,Financials,Transaction & Payment Processing Services,"Atlanta,  Georgia",2018-06-20,2000
CTVA,Corteva,77.03,51520000000,41.6,Materials,Fertilizers & Agricultural Chemicals,"Indianapolis,  Indiana",2019-06-03,2019
CSGP,CoStar Group,33.89,13840000000,484.1,Real Estate,Real Estate Services,"Washington,  D.C.",2022-09-19,1987
COST,Costco,971.87,431000000000,48.8,Consumer Staples,Consumer Staples Merchandise Retail,"Issaquah,  Washington",1993-10-01,1976
FANG,Diamondback Energy,192.62,54190000000,196.6,Energy,Oil & Gas Exploration & Production,"Midland,  Texas",2018-12-03,2007
DLR,Digital Realty,186.79,65640000000,49.5,Real Estate,Data Center REITs,"Austin,  Texas",2016-05-18,2004
DG,Dollar General,103.7,22870000000,14.7,Consumer Staples,Consumer Staples Merchandise Retail,"Goodlettsville,  Tennessee",2012-12-03,1939
DLTR,Dollar Tree,108.8,20910000000,17.5,Consumer Staples,Consumer Staples Merchandise Retail,"Chesapeake,  Virginia",2011-12-19,1986
D,Dominion Energy,66.9,58840000000,19.7,Utilities,Multi-Utilities,"Richmond,  Virginia",2016-11-30,1983
DPZ,Domino's,313.99,10440000000,18.1,Consumer Discretionary,Restaurants,"Ann Arbor,  Michigan",2020-05-12,1960
DASH,DoorDash,156.8,68320000000,74.0,Consumer Discretionary,Specialized Consumer Services,"San Francisco,  California",2025-03-24,2012
DOV,Dover Corporation,214.76,28920000000,26.8,Industrials,Industrial Machinery & Supplies & Components,"Downers Grove,  Illinois",1985-10-31,1955
DOW,Dow Inc.,33.97,24480000000,,Materials,Commodity Chemicals,"Midland,  Michigan",2019-04-01,2019
DHI,D. R. Horton,145.6,41290000000,13.7,Consumer Discretionary,Homebuilding,"Arlington,  Texas",2005-06-22,1978
DTE,DTE Energy,145.77,30320000000,24.0,Utilities,Multi-Utilities,"Detroit,  Michigan",1957-03-04,1995
DUK,Duke Energy,124.22,96840000000,19.1,Utilities,Electric Utilities,"Charlotte,  North Carolina",1976-06-30,1904
DD,DuPont,46.85,18980000000,123.3,Materials,Specialty Chemicals,"Wilmington,  Delaware",2019-06-03,2017
ETN,Eaton Corporation,395.94,153740000000,38.7,Industrials,Electrical Components & Equipment,"Dublin,  Ireland",1957-03-04,1911
EBAY,eBay Inc.,109.35,48550000000,25.3,Consumer Discretionary,Broadline Retail,"San Jose,  California",2002-07-22,1995
SATS,EchoStar,116.28,33700000000,,Communication Services,Wireless Telecommunication Services,"Englewood,  Colorado",2026-03-23,2008
ECL,Ecolab,257.97,72600000000,35.0,Materials,Specialty Chemicals,"Saint Paul,  Minnesota",1989-01-31,1923
EIX,Edison International,73.33,28220000000,8.0,Utilities,Electric Utilities,"Rosemead,  California",1957-03-04,1886
EW,Edwards Lifesciences,85.96,49500000000,46.5,Health Care,Health Care Equipment,"Irvine,  California",2011-04-01,1958
EA,Electronic Arts,203.0,50900000000,57.8,Communication Services,Interactive Home Entertainment,"Redwood City,  California",2002-07-22,1982
ELV,Elevance Health,415.53,90240000000,17.6,Health Care,Managed Health Care,"Indianapolis,  Indiana",2002-07-25,2014
EME,Emcor,817.44,36400000000,27.5,Industrials,Construction & Engineering,"Norwalk,  Connecticut",2025-09-22,1994
EMR,Emerson Electric,138.12,77360000000,32.0,Industrials,Electrical Components & Equipment,"Ferguson,  Missouri",1965-03-31,1890
ETR,Entergy,110.74,50710000000,28.2,Utilities,Electric Utilities,"New Orleans,  Louisiana",1957-03-04,1913
EOG,EOG Resources,137.78,73390000000,13.5,Energy,Oil & Gas Exploration & Production,"Houston,  Texas",2000-11-02,1999
EQT,EQT Corporation,53.75,33620000000,10.2,Energy,Oil & Gas Exploration & Production,"Pittsburgh,  Pennsylvania",2022-10-03,1888
EFX,Equifax,172.13,20760000000,30.3,Industrials,Research & Consulting Services,"Atlanta,  Georgia",1997-06-19,1899
EQIX,Equinix,1080.95,106610000000,74.7,Real Estate,Data Center REITs,"Redwood City,  California",2015-03-20,1998
EQR,Equity Residential,68.19,25550000000,27.3,Real Estate,Multi-Family Residential REITs,"Chicago,  Illinois",2001-12-03,1969
ERIE,Erie Indemnity,227.22,11880000000,20.8,Financials,Insurance Brokers,"Erie,  Pennsylvania",2024-09-23,1925
ESS,Essex Property Trust,285.43,18340000000,32.1,Real Estate,Multi-Family Residential REITs,"San Mateo,  California",2014-04-02,1971
EL,Estée Lauder Companies (The),83.49,30210000000,,Consumer Staples,Personal Care Products,"New York City,  New York",2006-01-05,1946
EG,Everest Group,334.41,13230000000,6.8,Financials,Reinsurance,"Hamilton,  Bermuda",2017-06-19,1973
EVRG,Evergy,83.27,19190000000,22.1,Utilities,Electric Utilities,"Kansas City,  Missouri",2018-06-05,1909
ES,Eversource Energy,70.6,26550000000,15.1,Utilities,Electric Utilities,"Hartford,  Connecticut",2009-07-24,1966
EXC,Exelon,45.75,46810000000,16.8,Utilities,Electric Utilities,"Chicago,  Illinois",1957-03-04,2000
EXE,Expand Energy,92.07,22030000000,6.9,Energy,Oil & Gas Exploration & Production,"Oklahoma City,  Oklahoma",2025-03-24,1989
EXPE,Expedia Group,228.88,27470000000,20.2,Consumer Discretionary,"Hotels,  Resorts & Cruise Lines","Seattle,  Washington",2007-10-02,1996
EXPD,Expeditors International,160.44,20980000000,25.9,Industrials,Air Freight & Logistics,"Seattle,  Washington",2007-10-10,1979
EXR,Extra Space Storage,145.31,30700000000,32.7,Real Estate,Self-Storage REITs,"Salt Lake City,  Utah",2016-01-19,1977
XOM,ExxonMobil,149.92,621410000000,25.2,Energy,Integrated Oil & Gas,"Irving,  Texas",1957-03-04,1999
FFIV,F5, Inc.,393.35,22190000000,32.3,"Information Technology, Communications Equipment","Seattle,  Washington",2010-12-20,1996
FDS,FactSet,255.62,9310000000,16.4,Financials,Financial Exchanges & Data,"Norwalk,  Connecticut",2021-12-20,1978
FICO,Fair Isaac,1137.33,26380000000,36.1,Information Technology,Application Software,"Bozeman,  Montana",2023-03-20,1956
FAST,Fastenal,46.79,53720000000,41.4,Industrials,Trading Companies & Distributors,"Winona,  Minnesota",2008-09-15,1967
FRT,Federal Realty Investment Trust,122.56,10590000000,21.2,Real Estate,Retail REITs,"Rockville,  Maryland",2016-02-01,1962
FDX,FedEx,331.0,78980000000,17.7,Industrials,Air Freight & Logistics,"Memphis,  Tennessee",1980-12-31,1971
FDXF,FedEx Freight,167.84,24990000000,36.9,Industrials,Cargo Ground Transportation,"Memphis,  Tennessee",2026-06-01,1982
FIS,Fidelity National Information Services,40.95,21170000000,7.9,Financials,Transaction & Payment Processing Services,"Jacksonville,  Florida",2006-11-10,1968
FITB,Fifth Third Bancorp,52.01,47140000000,17.5,Financials,Regional Banks,"Cincinnati,  Ohio",1996-03-29,1858
FSLR,First Solar,279.01,29980000000,18.0,Information Technology,Semiconductors,"Tempe,  Arizona",2022-12-19,1999
FE,FirstEnergy,46.42,26850000000,25.2,Utilities,Electric Utilities,"Akron,  Ohio",1997-11-28,1997
FISV,Fiserv,54.43,29030000000,9.2,Financials,Transaction & Payment Processing Services,"Brookfield,  Wisconsin",2001-04-02,1984
F,Ford Motor Company,14.9,59370000000,,Consumer Discretionary,Automobile Manufacturers,"Dearborn,  Michigan",1957-03-04,1903
FTNT,Fortinet,144.68,106000000000,56.1,Information Technology,Systems Software,"Sunnyvale,  California",2018-10-11,2000
FTV,Fortive,61.28,18680000000,36.0,Industrials,Industrial Machinery & Supplies & Components,"Everett,  Washington",2016-07-01,2016
FOXA,Fox Corporation (Class A),66.89,28110000000,17.6,Communication Services,Broadcasting,"New York City,  New York",2019-03-19,2019
FOX,Fox Corporation (Class B),59.88,25160000000,15.8,Communication Services,Broadcasting,"New York City,  New York",2019-03-19,2019
BEN,Franklin Resources,31.33,16280000000,23.9,Financials,Asset Management & Custody Banks,"San Mateo,  California",1998-04-30,1947
FCX,Freeport-McMoRan,63.37,91100000000,33.5,Materials,Copper,"Phoenix,  Arizona",2011-07-01,1912
GRMN,Garmin,236.57,45620000000,26.4,Consumer Discretionary,Consumer Electronics,"Schaffhausen,  Switzerland",2012-12-12,1989
IT,Gartner,164.02,10980000000,16.2,Information Technology,IT Consulting & Other Services,"Stamford,  Connecticut",2017-04-05,1979
GE,GE Aerospace,328.0,342700000000,40.8,Industrials,Aerospace & Defense,"Evendale,  Ohio",1957-03-04,1892
GEHC,GE HealthCare,64.67,29420000000,15.5,Health Care,Health Care Equipment,"Chicago,  Illinois",2023-01-04,1994
GEV,GE Vernova,933.61,250880000000,27.3,Industrials,Heavy Electrical Equipment,"Cambridge,  Massachusetts",2024-04-02,2024
GEN,Gen Digital,26.28,15830000000,16.7,Information Technology,Systems Software,"Tempe,  Arizona",2003-03-25,1982
GNRC,Generac,261.54,15400000000,82.0,Industrials,Electrical Components & Equipment,"Waukesha,  Wisconsin",2021-03-22,1959
GD,General Dynamics,346.44,93690000000,21.8,Industrials,Aerospace & Defense,"Reston,  Virginia",1957-03-04,1899
GIS,General Mills,33.15,17690000000,8.1,Consumer Staples,Packaged Foods & Meats,"Golden Valley,  Minnesota",1957-03-04,1856
GM,General Motors,82.11,74040000000,30.0,Consumer Discretionary,Automobile Manufacturers,"Detroit,  Michigan",2013-06-06,1908
GPC,Genuine Parts Company,98.15,13650000000,223.1,Consumer Discretionary,Distributors,"Atlanta,  Georgia",1973-12-31,1925
GILD,Gilead Sciences,129.16,160360000000,17.6,Health Care,Biotechnology,"Foster City,  California",2004-07-01,1987
GPN,Global Payments,66.32,18140000000,24.4,Financials,Transaction & Payment Processing Services,"Atlanta,  Georgia",2016-04-25,2000
GL,Globe Life,159.18,12360000000,11.0,Financials,Life & Health Insurance,"McKinney,  Texas",1989-04-30,1900
GDDY,GoDaddy,84.38,11170000000,13.4,Information Technology,Internet Services & Infrastructure,"Tempe,  Arizona",2024-06-24,1997
GS,Goldman Sachs,1038.68,306420000000,19.0,Financials,Investment Banking & Brokerage,"New York City,  New York",2002-07-22,1869
HAL,Halliburton,39.18,32730000000,21.6,Energy,Oil & Gas Equipment & Services,"Houston,  Texas",1957-03-04,1919
HIG,Hartford (The),132.14,36220000000,9.3,Financials,Property & Casualty Insurance,"Hartford,  Connecticut",1957-03-04,1810
HAS,Hasbro,84.18,11910000000,,Consumer Discretionary,Leisure Products,"Pawtucket,  Rhode Island",1984-09-30,1923
HCA,HCA Healthcare,372.13,82550000000,12.8,Health Care,Health Care Facilities,"Nashville,  Tennessee",2015-01-27,1968
DOC,Healthpeak Properties,19.79,13640000000,61.8,Real Estate,Health Care REITs,"Denver,  Colorado",2008-03-31,1985
HSIC,Henry Schein,77.45,8820000000,23.4,Health Care,Health Care Distributors,"Melville,  New York",2015-03-17,1932
HSY,Hershey Company (The),184.58,37440000000,34.4,Consumer Staples,Packaged Foods & Meats,"Hershey,  Pennsylvania",1957-03-04,1894
HPE,Hewlett Packard Enterprise,49.2,65150000000,46.0,Information Technology,"Technology Hardware,  Storage & Peripherals","Houston,  Texas",2015-11-02,2015
HLT,Hilton Worldwide,343.1,78110000000,52.4,Consumer Discretionary,"Hotels,  Resorts & Cruise Lines","Tysons Corner,  Virginia",2017-06-19,1919
HD,Home Depot (The),310.78,309880000000,22.1,Consumer Discretionary,Home Improvement Retail,"Atlanta,  Georgia",1988-03-31,1978
HON,Honeywell,213.97,135580000000,34.1,Industrials,Industrial Conglomerates,"Charlotte,  North Carolina",1957-03-04,1906
HRL,Hormel Foods,23.62,13000000000,27.8,Consumer Staples,Packaged Foods & Meats,"Austin,  Minnesota",2009-03-04,1891
HST,Host Hotels & Resorts,24.62,16860000000,16.7,Real Estate,Hotel & Resort REITs,"Bethesda,  Maryland",2007-03-20,1993
HWM,Howmet Aerospace,251.9,100790000000,58.4,Industrials,Aerospace & Defense,"Pittsburgh,  Pennsylvania",2016-10-21,1888
HPQ,HP Inc.,25.58,23390000000,9.5,Information Technology,"Technology Hardware,  Storage & Peripherals","Palo Alto,  California",1974-12-31,1939
HUBB,Hubbell Incorporated,476.82,25200000000,28.2,Industrials,Industrial Machinery & Supplies & Components,"Shelton,  Connecticut",2023-10-18,1888
HUM,Humana,350.08,42030000000,37.3,Health Care,Managed Health Care,"Louisville,  Kentucky",2012-12-10,1961
LRCX,Lam Research,1012.44,133900000000,36.8,Information Technology,Semiconductor Materials & Equipment,"Fremont,  California",2012-06-29,1980
LW,Lamb Weston,102.55,14890000000,12.4,Consumer Staples,Packaged Foods & Meats,"Eagle,  Idaho",2016-11-10,1950
LVS,Las Vegas Sands,47.88,36500000000,22.1,Consumer Discretionary,Casinos & Gaming,"Las Vegas,  Nevada",2004-12-15,1988
LDOS,Leidos Holdings,150.33,20500000000,16.9,Industrials,Research & Consulting Services,"Reston,  Virginia",2020-08-21,1969
LEN,Lennar,162.44,45500000000,10.2,Consumer Discretionary,Homebuilding,"Miami,  Florida",2005-10-04,1954
LLY,Eli Lilly,846.12,801000000000,127.4,Health Care,Pharmaceuticals,"Indianapolis,  Indiana",1971-12-31,1876
LIN,Linde plc,441.22,215000000000,34.8,Materials,Industrial Gases,"Guildford,  United Kingdom",1992-07-01,1879
LYV,Live Nation Entertainment,102.44,23400000000,75.3,Communication Services,Movies & Entertainment,"Beverly Hills,  California",2019-12-23,2010
LKQ,LKQ Corporation,47.88,12800000000,13.4,Consumer Discretionary,Distributors,"Chicago,  Illinois",2016-05-23,1998
LMT,Lockheed Martin,498.22,123000000000,17.6,Industrials,Aerospace & Defense,"Bethesda,  Maryland",1957-03-04,1912
L,Loews Corporation,76.44,17400000000,11.2,Financials,Multi-line Insurance,"New York City,  New York",1957-03-04,1959
LOW,Lowe's,243.55,140000000000,18.1,Consumer Discretionary,Home Improvement Retail,"Mooresville,  North Carolina",1984-02-28,1921
LULU,Lululemon Athletica,388.22,49300000000,28.4,Consumer Discretionary,Apparel Retail,"Vancouver,  Canada",2018-10-31,1998
LYB,LyondellBasell,98.44,32300000000,14.7,Materials,Specialty Chemicals,"Rotterdam,  Netherlands",2010-10-14,2007
MTB,M&T Bank,151.22,26000000000,9.8,Financials,Regional Banks,"Buffalo,  New York",2004-04-08,1856
MRO,Marathon Oil,27.44,15500000000,10.1,Energy,Oil & Gas Exploration & Production,"Houston,  Texas",1957-03-04,1887
MPC,Marathon Petroleum,168.55,66400000000,8.4,Energy,Oil & Gas Refining & Marketing,"Findlay,  Ohio",2011-07-01,1887
MKTX,MarketAxess,217.44,16400000000,33.2,Financials,Financial Exchanges & Data,"New York City,  New York",2019-07-01,2000
MAR,Marriott International,247.33,72900000000,24.6,Consumer Discretionary,"Hotels,  Resorts & Cruise Lines","Bethesda,  Maryland",1998-06-29,1927
MMC,Marsh & McLennan,209.44,103000000000,26.8,Financials,Insurance Brokers,"New York City,  New York",1957-03-04,1905
MLM,Martin Marietta Materials,604.22,37400000000,32.1,Materials,Construction Materials,"Raleigh,  North Carolina",2014-07-02,1993
MAS,Masco,66.44,14800000000,17.2,Industrials,Building Products,"Livonia,  Michigan",1981-03-31,1929
MA,Mastercard,497.22,468000000000,35.4,Financials,Transaction & Payment Processing Services,"Purchase,  New York",2006-05-25,1966
MTCH,Match Group,33.44,9300000000,17.8,Communication Services,Interactive Media & Services,"Dallas,  Texas",2020-09-21,1986
MKC,McCormick & Company,66.22,17700000000,28.1,Consumer Staples,Packaged Foods & Meats,"Hunt Valley,  Maryland",1978-03-31,1889
MCD,McDonald's,287.44,208000000000,24.2,Consumer Discretionary,Restaurants,"Chicago,  Illinois",1976-06-30,1940
MCK,McKesson,574.22,76000000000,17.3,Health Care,Health Care Distributors,"Irving,  Texas",1994-08-31,1833
MDT,Medtronic,83.44,111000000000,27.1,Health Care,Health Care Equipment,"Dublin,  Ireland",1986-09-30,1949
MRK,Merck & Co.,131.22,333000000000,89.4,Health Care,Pharmaceuticals,"Kenilworth,  New Jersey",1957-03-04,1891
META,Meta Platforms,498.33,1270000000000,28.8,Communication Services,Interactive Media & Services,"Menlo Park,  California",2013-12-21,2004
MET,MetLife,72.44,52000000000,23.1,Financials,Life & Health Insurance,"New York City,  New York",2000-04-07,1868
MTD,Mettler-Toledo,1404.22,31000000000,38.2,Health Care,Life Sciences Tools & Services,"Columbus,  Ohio",2016-09-06,1989
MGM,MGM Resorts,40.22,14000000000,17.4,Consumer Discretionary,Casinos & Gaming,"Las Vegas,  Nevada",2017-07-26,1986
MCHP,Microchip Technology,92.44,50000000000,21.8,Information Technology,Semiconductors,"Chandler,  Arizona",2011-09-19,1989
MU,Micron Technology,117.22,128000000000,14.1,Information Technology,Semiconductors,"Boise,  Idaho",1994-09-27,1978
MSFT,Microsoft,421.12,3120000000000,35.4,Information Technology,Systems Software,"Redmond,  Washington",1994-06-01,1975
MAA,Mid-America Apartment Communities,147.22,17000000000,28.1,Real Estate,Multi-Family Residential REITs,"Memphis,  Tennessee",2016-12-02,1977
MRNA,Moderna,127.44,48000000000,38.8,Health Care,Biotechnology,"Cambridge,  Massachusetts",2020-07-20,2010
MHK,Mohawk Industries,99.22,6300000000,12.4,Consumer Discretionary,Home Furnishings,"Calhoun,  Georgia",2013-12-23,1878
MOH,Molina Healthcare,345.22,21000000000,19.1,Health Care,Managed Health Care,"Long Beach,  California",2014-09-18,1980
TAP,Molson Coors,52.44,11300000000,12.2,Consumer Staples,Brewers,"Chicago,  Illinois",1976-06-30,1873
MDLZ,Mondelez International,71.22,97000000000,22.4,Consumer Staples,Packaged Foods & Meats,"Chicago,  Illinois",2012-10-02,1923
MPWR,Monolithic Power Systems,773.22,36000000000,55.1,Information Technology,Semiconductors,"Kirkland,  Washington",2016-11-30,1997
MNST,Monster Beverage,53.22,56000000000,34.4,Consumer Staples,Soft Drinks & Non-alcoholic Beverages,"Corona,  California",2012-06-28,1935
MCO,Moody's,426.22,78000000000,41.2,Financials,Financial Exchanges & Data,"New York City,  New York",2004-10-05,1909
MS,Morgan Stanley,98.22,160000000000,16.8,Financials,Investment Banking & Brokerage,"New York City,  New York",2010-06-28,1935
MOS,Mosaic Company (The),33.22,11000000000,9.1,Materials,Fertilizers & Agricultural Chemicals,"Tampa,  Florida",2011-10-03,2004
MSI,Motorola Solutions,348.22,58000000000,32.8,Information Technology,Communications Equipment,"Chicago,  Illinois",2011-01-04,1928
MSCI,MSCI Inc.,529.22,42000000000,40.1,Financials,Financial Exchanges & Data,"New York City,  New York",2010-11-15,1969
NDAQ,Nasdaq,58.22,33000000000,22.1,Financials,Financial Exchanges & Data,"New York City,  New York",2002-07-22,1971
NFLX,Netflix,643.22,280000000000,42.2,Communication Services,Movies & Entertainment,"Los Gatos,  California",2010-12-20,1997
NEM,Newmont Corporation,42.22,33000000000,15.4,Materials,Gold,"Denver,  Colorado",1969-06-30,1921
NWSA,News Corp (Class A),21.22,12000000000,14.1,Communication Services,Publishing,"New York City,  New York",2013-06-28,2013
NWS,News Corp (Class B),20.22,11000000000,13.8,Communication Services,Publishing,"New York City,  New York",2013-06-28,2013
NKE,Nike,97.22,150000000000,28.2,Consumer Discretionary,Apparel,"Beaverton,  Oregon",1988-11-30,1964
NI,NiSource,27.22,11000000000,17.1,Utilities,Multi-Utilities,"Merrillville,  Indiana",1999-11-30,1912
NTRS,Northern Trust,83.22,17000000000,15.8,Financials,Asset Management & Custody Banks,"Chicago,  Illinois",1984-07-31,1889
NOC,Northrop Grumman,462.22,69000000000,18.4,Industrials,Aerospace & Defense,"Falls Church,  Virginia",1957-03-04,1939
NRG,NRG Energy,52.22,12000000000,10.2,Utilities,Independent Power Producers & Energy Traders,"Houston,  Texas",2010-01-04,1989
NUE,Nucor,176.22,44000000000,12.1,Materials,Steel,"Charlotte,  North Carolina",1985-06-30,1905
NVDA,NVIDIA,132.22,3200000000000,68.4,Information Technology,Semiconductors,"Santa Clara,  California",2001-11-30,1993
NVR,NVR Inc.,713.22,24000000000,15.2,Consumer Discretionary,Homebuilding,"Reston,  Virginia",1993-12-31,1980
NXPI,NXP Semiconductors,232.22,60000000000,21.8,Information Technology,Semiconductors,"Eindhoven,  Netherlands",2010-08-06,2006
ORLY,O'Reilly Automotive,1044.22,62000000000,26.8,Consumer Discretionary,Automotive Retail,"Springfield,  Missouri",2009-03-27,1957
OXY,Occidental Petroleum,62.22,55000000000,14.2,Energy,Integrated Oil & Gas,"Houston,  Texas",1982-12-31,1920
ODFL,Old Dominion Freight Line,412.22,45000000000,33.1,Industrials,Cargo Ground Transportation,"Thomasville,  North Carolina",2013-12-09,1934
OMC,Omnicom Group,86.22,18000000000,12.8,Communication Services,Advertising,"New York City,  New York",1997-07-01,1986
ON,ON Semiconductor,72.22,31000000000,17.4,Information Technology,Semiconductors,"Phoenix,  Arizona",2010-08-23,1999
OKE,ONEOK,82.22,46000000000,17.1,Energy,Oil & Gas Storage & Transportation,"Tulsa,  Oklahoma",1997-11-28,1906
ORCL,Oracle,142.22,390000000000,28.1,Information Technology,Systems Software,"Austin,  Texas",1989-08-31,1977
OTIS,Otis Worldwide,92.22,38000000000,27.2,Industrials,Industrial Machinery & Supplies & Components,"Farmington,  Connecticut",2020-04-03,1853
PCAR,PACCAR,112.22,59000000000,13.8,Industrials,Construction Machinery & Heavy Transportation Equipment,"Bellevue,  Washington",1980-12-31,1905
PANW,Palo Alto Networks,322.22,110000000000,55.1,Information Technology,Systems Software,"Santa Clara,  California",2012-07-20,2005
PARA,Paramount Global,12.22,8000000000,8.4,Communication Services,Broadcasting,"New York City,  New York",2014-12-31,2019
PAYC,Paycom,182.22,11000000000,38.1,Information Technology,Application Software,"Oklahoma City,  Oklahoma",2020-01-28,1998
PYPL,PayPal,68.22,74000000000,17.4,Information Technology,Transaction & Payment Processing Services,"San Jose,  California",2015-07-20,1998
PEP,PepsiCo,182.22,250000000000,25.1,Consumer Staples,Soft Drinks & Non-alcoholic Beverages,"Purchase,  New York",1957-03-04,1898
PFE,Pfizer,29.22,160000000000,14.8,Health Care,Pharmaceuticals,"New York City,  New York",1957-03-04,1849
PM,Philip Morris International,92.22,140000000000,17.2,Consumer Staples,Tobacco,"Stamford,  Connecticut",2008-03-17,2008
PSX,Phillips 66,142.22,62000000000,8.9,Energy,Oil & Gas Refining & Marketing,"Houston,  Texas",2012-04-12,1917
PNW,Pinnacle West Capital,72.22,8200000000,15.1,Utilities,Electric Utilities,"Phoenix,  Arizona",1985-11-30,1985
PXD,Pioneer Natural Resources,232.22,54000000000,12.8,Energy,Oil & Gas Exploration & Production,"Irving,  Texas",2008-09-24,1997
PNC,PNC Financial Services,152.22,61000000000,12.4,Financials,Diversified Banks,"Pittsburgh,  Pennsylvania",1988-04-30,1845
POOL,Pool Corporation,372.22,15000000000,28.1,Consumer Discretionary,Distributors,"Covington,  Louisiana",2005-10-03,1993
PPG,PPG Industries,132.22,31000000000,21.8,Materials,Specialty Chemicals,"Pittsburgh,  Pennsylvania",1957-03-04,1883
PPL,PPL Corporation,27.22,20000000000,14.2,Utilities,Electric Utilities,"Allentown,  Pennsylvania",1957-03-04,1920
PFG,Principal Financial Group,82.22,20000000000,11.8,Financials,Life & Health Insurance,"Des Moines,  Iowa",2002-07-22,1879
PG,Procter & Gamble,162.22,390000000000,25.4,Consumer Staples,Household Products,"Cincinnati,  Ohio",1957-03-04,1837
PGR,Progressive Corporation,212.22,130000000000,22.1,Financials,Property & Casualty Insurance,"Mayfield Village,  Ohio",1997-08-04,1937
PLD,Prologis,122.22,110000000000,28.4,Real Estate,Industrial REITs,"San Francisco,  California",2003-07-17,1983
PRU,Prudential Financial,102.22,37000000000,9.8,Financials,Life & Health Insurance,"Newark,  New Jersey",2002-12-09,1875
PEG,Public Service Enterprise Group,62.22,31000000000,17.4,Utilities,Multi-Utilities,"Newark,  New Jersey",1957-03-04,1903
PHM,PulteGroup,112.22,25000000000,11.4,Consumer Discretionary,Homebuilding,"Atlanta,  Georgia",1984-12-31,1950
QRVO,Qorvo,112.22,11000000000,18.2,Information Technology,Semiconductors,"Greensboro,  North Carolina",2015-01-02,2015
QCOM,Qualcomm,172.22,190000000000,22.1,Information Technology,Semiconductors,"San Diego,  California",1991-12-31,1985
PWR,Quanta Services,232.22,33000000000,27.4,Industrials,Construction & Engineering,"Houston,  Texas",2009-07-20,1997
DGX,Quest Diagnostics,142.22,16000000000,17.8,Health Care,Health Care Services,"Secaucus,  New Jersey",2012-07-02,1967
RL,Ralph Lauren,142.22,9000000000,15.4,Consumer Discretionary,Apparel,"New York City,  New York",2007-02-02,1967
RJF,Raymond James,122.22,26000000000,14.8,Financials,Investment Banking & Brokerage,"St. Petersburg,  Florida",2012-03-26,1962
RTX,RTX Corporation,102.22,140000000000,19.1,Industrials,Aerospace & Defense,"Waltham,  Massachusetts",2020-04-03,1922
O,Realty Income,52.22,45000000000,42.1,Real Estate,Retail REITs,"San Diego,  California",2015-03-27,1969
REG,Regency Centers,62.22,11000000000,28.4,Real Estate,Retail REITs,"Jacksonville,  Florida",2017-03-20,1963
REGN,Regeneron Pharmaceuticals,842.22,94000000000,29.1,Health Care,Biotechnology,"Tarrytown,  New York",2013-05-01,1988
RF,Regions Financial,22.22,21000000000,9.8,Financials,Regional Banks,"Birmingham,  Alabama",1998-11-30,1971
RSG,Republic Services,172.22,55000000000,29.4,Industrials,Environmental & Facilities Services,"Phoenix,  Arizona",2008-12-05,1998
RMD,ResMed,202.22,30000000000,27.8,Health Care,Health Care Equipment,"San Diego,  California",2017-07-10,1989
RHI,Robert Half,72.22,7800000000,13.4,Industrials,Human Resource & Employment Services,"Menlo Park,  California",2000-12-01,1948
ROK,Rockwell Automation,312.22,36000000000,28.1,Industrials,Industrial Machinery & Supplies & Components,"Milwaukee,  Wisconsin",2001-02-02,1903
ROL,Rollins,42.22,20000000000,48.1,Industrials,Environmental & Facilities Services,"Atlanta,  Georgia",2018-10-01,1948
ROP,Roper Technologies,482.22,51000000000,31.4,Industrials,Industrial ConglomeratesSarasota, Florida,2009-12-23,1981
ROST,Ross Stores,142.22,49000000000,24.1,Consumer Discretionary,Apparel Retail,"Dublin,  California",2009-12-21,1950
RCL,Royal Caribbean Group,142.22,36000000000,17.4,Consumer Discretionary,"Hotels,  Resorts & Cruise Lines","Miami,  Florida",1997-05-30,1968
SPGI,S&P Global,412.22,130000000000,32.1,Financials,Financial Exchanges & Data,"New York City,  New York",2011-12-01,1860
CRM,Salesforce,242.22,240000000000,32.8,Information Technology,Systems Software,"San Francisco,  California",2008-09-15,1999
SBAC,SBA Communications,212.22,23000000000,48.1,Real Estate,Telecom Tower REITs,"Boca Raton,  Florida",2016-09-19,1989
SLB,Schlumberger,52.22,74000000000,17.2,Energy,Oil & Gas Equipment & Services,"Houston,  Texas",1957-03-04,1926
STX,Seagate Technology,82.22,17000000000,21.4,Information Technology,"Technology Hardware,  Storage & Peripherals","Dublin,  Ireland",2012-07-02,1979
SEE,Sealed Air,32.22,4600000000,12.8,Materials,Paper & Plastic Packaging Products & Materials,"Charlotte,  North Carolina",2014-12-19,1960
SRE,Sempra Energy,72.22,45000000000,17.1,Utilities,Multi-Utilities,"San Diego,  California",1998-06-29,1998
NOW,ServiceNow,742.22,150000000000,62.1,Information Technology,Systems Software,"Santa Clara,  California",2012-06-29,2004
SHW,Sherwin-Williams,312.22,80000000000,32.8,Materials,Specialty Chemicals,"Cleveland,  Ohio",1964-03-31,1866
SPG,Simon Property Group,122.22,40000000000,19.4,Real Estate,Retail REITs,"Indianapolis,  Indiana",2002-06-26,1993
SWKS,Skyworks Solutions,102.22,16000000000,14.8,Information Technology,Semiconductors,"Irvine,  California",2011-03-14,2002
SJM,Smucker (J.M.),122.22,13000000000,14.1,Consumer Staples,Packaged Foods & Meats,"Orrville,  Ohio",1957-03-04,1897
SNA,Snap-on,272.22,15000000000,15.8,Industrials,Industrial Machinery & Supplies & Components,"Kenosha,  Wisconsin",1999-12-31,1920
SO,Southern Company,72.22,82000000000,19.1,Utilities,Electric Utilities,"Atlanta,  Georgia",1957-03-04,1945
LUV,Southwest Airlines,32.22,19000000000,12.4,Industrials,Passenger Airlines,"Dallas,  Texas",1977-09-30,1967
SWK,Stanley Black & Decker,92.22,14000000000,18.2,Industrials,Industrial Machinery & Supplies & Components,"New Britain,  Connecticut",1985-06-30,1843
SBUX,Starbucks,92.22,105000000000,26.1,Consumer Discretionary,Restaurants,"Seattle,  Washington",1992-06-26,1971
STT,State Street,72.22,23000000000,10.4,Financials,Asset Management & Custody Banks,"Boston,  Massachusetts",1970-03-31,1792
STE,Steris,212.22,21000000000,28.1,Health Care,Health Care Equipment,"Dublin,  Ireland",2015-11-02,1985
SYK,Stryker,312.22,120000000000,32.4,Health Care,Health Care Equipment,"Kalamazoo,  Michigan",2000-12-15,1941
SIVB,SVB Financial,12.22,900000000,3.1,Financials,Diversified Banks,"Santa Clara,  California",2004-03-15,1983
SYF,Synchrony Financial,32.22,14000000000,6.8,Financials,Consumer Finance,"Stamford,  Connecticut",2014-07-31,2003
SNPS,Synopsys,482.22,74000000000,52.1,Information Technology,Application Software,"Mountain View,  California",2003-03-25,1986
SYY,Sysco,72.22,36000000000,17.4,Consumer Staples,Food Retail,"Houston,  Texas",1983-11-30,1969
TMUS,T-Mobile US,162.22,190000000000,22.1,Communication Services,Wireless Telecommunication Services,"Bellevue,  Washington",2013-05-01,1994
TGT,Target,142.22,66000000000,18.4,Consumer Discretionary,General Merchandise Retail,"Minneapolis,  Minnesota",1976-12-31,1902
TEL,TE Connectivity,142.22,44000000000,20.1,Information Technology,Electronic Components,"Schaffhausen,  Switzerland",2011-01-31,2007
TDY,Teledyne Technologies,412.22,19000000000,22.8,Industrials,Industrial Conglomerates,"Thousand Oaks,  California",2011-11-04,1960
TFX,Teleflex,212.22,10000000000,28.1,Health Care,Health Care Supplies,"Wayne,  Pennsylvania",2012-09-24,1943
TER,Teradyne,112.22,17000000000,21.4,Information Technology,Semiconductor Materials & Equipment,"North Reading,  Massachusetts",1996-05-31,1960
TSLA,Tesla,242.22,760000000000,62.1,Consumer Discretionary,Automobile Manufacturers,"Austin,  Texas",2010-07-01,2003
TXN,Texas Instruments,172.22,160000000000,23.8,Information Technology,Semiconductors,"Dallas,  Texas",1957-03-04,1930
TXT,Textron,82.22,19000000000,14.2,Industrials,Aerospace & Defense,"Providence,  Rhode Island",1957-03-04,1923
TMO,Thermo Fisher Scientific,482.22,190000000000,32.1,Health Care,Life Sciences Tools & Services,"Waltham,  Massachusetts",2004-11-22,1956
TJX,TJX Companies,92.22,110000000000,24.1,Consumer Discretionary,Apparel Retail,"Framingham,  Massachusetts",1985-06-30,1956
TSCO,Tractor Supply,232.22,26000000000,22.8,Consumer Discretionary,Specialized Consumer Services,"Brentwood,  Tennessee",2004-02-19,1938
TT,Trane Technologies,312.22,72000000000,28.4,Industrials,Building Products,"Swords,  Ireland",2010-07-01,1871
TDG,TransDigm Group,1122.22,63000000000,44.1,Industrials,Aerospace & Defense,"Cleveland,  Ohio",2016-06-09,1993
TRV,Travelers Companies,172.22,40000000000,13.8,Financials,Property & Casualty Insurance,"New York City,  New York",2002-08-21,1853
TRMB,Trimble,52.22,13000000000,18.1,Information Technology,Electronic Equipment & Instruments,"Sunnyvale,  California",2013-06-24,1978
TFC,Truist Financial,32.22,45000000000,9.4,Financials,Diversified Banks,"Charlotte,  North Carolina",2019-12-09,1872
TWTR,Twitter,42.22,33000000000,18.4,Communication Services,Interactive Media & Services,"San Francisco,  California",2013-11-07,2006
TYL,Tyler Technologies,412.22,17000000000,48.1,Information Technology,Application Software,"Plano,  Texas",2017-06-28,1966
TSN,Tyson Foods,52.22,19000000000,11.4,Consumer Staples,Packaged Foods & Meats,"Springdale,  Arkansas",1987-02-02,1935
USB,U.S. Bancorp,42.22,65000000000,10.8,Financials,Regional Banks,"Minneapolis,  Minnesota",1984-12-31,1863
UDR,UDR Inc.,42.22,14000000000,27.4,Real Estate,Multi-Family Residential REITs,"Highlands Ranch,  Colorado",2001-03-15,1972
ULTA,Ulta Beauty,412.22,21000000000,18.8,Consumer Discretionary,Specialty Stores,"Bolingbrook,  Illinois",2016-04-18,1990
UNP,Union Pacific,212.22,130000000000,21.4,Industrials,Rail Transportation,"Omaha,  Nebraska",1957-03-04,1862
UAL,United Airlines,42.22,14000000000,7.8,Industrials,Passenger Airlines,"Chicago,  Illinois",2015-09-02,1926
UPS,United Parcel Service,172.22,150000000000,18.4,Industrials,Air Freight & Logistics,"Atlanta,  Georgia",1957-03-04,1907
URI,United Rentals,482.22,34000000000,17.8,Industrials,Trading Companies & Distributors,"Stamford,  Connecticut",2014-09-22,1997
UNH,UnitedHealth Group,482.22,450000000000,22.1,Health Care,Managed Health Care,"Minneapolis,  Minnesota",1994-07-01,1977
UHS,Universal Health Services,142.22,12000000000,13.4,Health Care,Health Care Facilities,"King of Prussia,  Pennsylvania",1991-12-31,1979
VLO,Valero Energy,142.22,52000000000,6.8,Energy,Oil & Gas Refining & Marketing,"San Antonio,  Texas",1997-12-31,1980
VTR,Ventas,42.22,17000000000,28.1,Real Estate,Health Care REITs,"Chicago,  Illinois",2001-03-30,1983
VRSN,Verisign,212.22,22000000000,32.1,Information Technology,Internet Services & Infrastructure,"Reston,  Virginia",1998-01-30,1995
VZ,Verizon,32.22,130000000000,7.8,Communication Services,Integrated Telecommunication Services,"New York City,  New York",1983-11-30,1983
VRTX,Vertex Pharmaceuticals,412.22,110000000000,27.8,Health Care,Biotechnology,"Boston,  Massachusetts",2011-07-18,1989
VFC,VF Corporation,22.22,8600000000,14.1,Consumer Discretionary,Apparel,"Denver,  Colorado",1957-03-04,1899
VTRS,Viatris,12.22,14000000000,4.8,Health Care,Pharmaceuticals,"Pittsburgh,  Pennsylvania",2020-11-16,2020
VICI,VICI Properties,32.22,32000000000,13.4,Real Estate,Specialized REITs,"New York City,  New York",2018-10-15,2017
V,Vistra,52.22,19000000000,10.8,Utilities,Electric Utilities,"Irving,  Texas",2018-02-20,1882
V, Visa,242.22,520000000000,29.4,Financials,Transaction & Payment Processing Services,"Foster City,  California",2008-03-19,1958
VMC,Vulcan Materials,212.22,29000000000,27.1,Materials,Construction Materials,"Birmingham,  Alabama",1999-06-30,1909
WRB,W.R. Berkley,72.22,21000000000,13.8,Financials,Property & Casualty Insurance,"Greenwich,  Connecticut",1973-12-31,1967
GWW,W.W. Grainger,842.22,42000000000,28.4,Industrials,Trading Companies & Distributors,"Lake Forest,  Illinois",1981-06-30,1927
WAB,Wabtec,142.22,26000000000,22.1,Industrials,Construction Machinery & Heavy Transportation Equipment,"Pittsburgh,  Pennsylvania",2019-02-25,1869
WBA,Walgreens Boots Alliance,22.22,19000000000,8.4,Consumer Staples,Drug Retail,"Deerfield,  Illinois",2014-12-31,1901
WMT,Walmart,162.22,430000000000,28.1,Consumer Staples,Consumer Staples Merchandise Retail,"Bentonville,  Arkansas",1972-08-25,1962
WBD,Warner Bros. Discovery,12.22,26000000000,8.1,Communication Services,Movies & Entertainment,"New York City,  New York",2022-04-08,2022
WM,Waste Management,172.22,72000000000,29.4,Industrials,Environmental & Facilities Services,"Houston,  Texas",1988-02-01,1968
WAT,Waters Corporation,312.22,19000000000,27.8,Health Care,Life Sciences Tools & Services,"Milford,  Massachusetts",2002-11-22,1958
WEC,WEC Energy Group,82.22,26000000000,18.4,Utilities,Electric Utilities,"Milwaukee,  Wisconsin",1988-01-04,1896
WFC,Wells Fargo,42.22,150000000000,10.2,Financials,Diversified Banks,"San Francisco,  California",1972-06-30,1852
